1,"The people are 28.25 % disappointed, 13.86 % interested and 57.89 % neutral"

1,<!DOCTYPE HTML PUBLIC "-//W3C//DTD HTML 4.01 Transitional//EN"
  "http://www.w3.org/TR/html4/loose.dtd">
<html>
  <head>
    <title>cv2.error: OpenCV(4.4.0) /tmp/pip-req-build-vu_aq9yd/opencv/modules/objdetect/src/cascadedetect.cpp:1689: error: (-215:Assertion failed) !empty() in function 'detectMultiScale' // Werkzeug Debugger</title>
    <link rel="stylesheet" href="?__debugger__=yes&amp;cmd=resource&amp;f=style.css"
        type="text/css">
    <!-- We need to make sure this has a favicon so that the debugger does
         not by accident trigger a request to /favicon.ico which might
         change the application state. -->
    <link rel="shortcut icon"
        href="?__debugger__=yes&amp;cmd=resource&amp;f=console.png">
    <script src="?__debugger__=yes&amp;cmd=resource&amp;f=jquery.js"></script>
    <script src="?__debugger__=yes&amp;cmd=resource&amp;f=debugger.js"></script>
    <script type="text/javascript">
      var TRACEBACK = 139656221284816,
          CONSOLE_MODE = false,
          EVALEX = true,
          EVALEX_TRUSTED = false,
          SECRET = "79sUSptb2vFz8jECGvXP";
    </script>
  </head>
  <body style="background-color: #fff">
    <div class="debugger">
<h1>cv2.error</h1>
<div class="detail">
  <p class="errormsg">cv2.error: OpenCV(4.4.0) /tmp/pip-req-build-vu_aq9yd/opencv/modules/objdetect/src/cascadedetect.cpp:1689: error: (-215:Assertion failed) !empty() in function 'detectMultiScale'</p>
</div>
<h2 class="traceback">Traceback <em>(most recent call last)</em></h2>
<div class="traceback">
  
  <ul><li><div class="frame" id="frame-139656221285008">
  <h4>File <cite class="filename">"/usr/lib/python3/dist-packages/flask/app.py"</cite>,
      line <em class="line">2463</em>,
      in <code class="function">__call__</code></h4>
  <div class="source library"><pre class="line before"><span class="ws"></span> </pre>
<pre class="line before"><span class="ws">    </span>def __call__(self, environ, start_response):</pre>
<pre class="line before"><span class="ws">        </span>&quot;&quot;&quot;The WSGI server calls the Flask application object as the</pre>
<pre class="line before"><span class="ws">        </span>WSGI application. This calls :meth:`wsgi_app` which can be</pre>
<pre class="line before"><span class="ws">        </span>wrapped to applying middleware.&quot;&quot;&quot;</pre>
<pre class="line current"><span class="ws">        </span>return self.wsgi_app(environ, start_response)</pre>
<pre class="line after"><span class="ws"></span> </pre>
<pre class="line after"><span class="ws">    </span>def __repr__(self):</pre>
<pre class="line after"><span class="ws">        </span>return &quot;&lt;%s %r&gt;&quot; % (self.__class__.__name__, self.name)</pre></div>
</div>

<li><div class="frame" id="frame-139656221285056">
  <h4>File <cite class="filename">"/usr/lib/python3/dist-packages/flask/app.py"</cite>,
      line <em class="line">2449</em>,
      in <code class="function">wsgi_app</code></h4>
  <div class="source library"><pre class="line before"><span class="ws">            </span>try:</pre>
<pre class="line before"><span class="ws">                </span>ctx.push()</pre>
<pre class="line before"><span class="ws">                </span>response = self.full_dispatch_request()</pre>
<pre class="line before"><span class="ws">            </span>except Exception as e:</pre>
<pre class="line before"><span class="ws">                </span>error = e</pre>
<pre class="line current"><span class="ws">                </span>response = self.handle_exception(e)</pre>
<pre class="line after"><span class="ws">            </span>except:  # noqa: B001</pre>
<pre class="line after"><span class="ws">                </span>error = sys.exc_info()[1]</pre>
<pre class="line after"><span class="ws">                </span>raise</pre>
<pre class="line after"><span class="ws">            </span>return response(environ, start_response)</pre>
<pre class="line after"><span class="ws">        </span>finally:</pre></div>
</div>

<li><div class="frame" id="frame-139656221285200">
  <h4>File <cite class="filename">"/usr/lib/python3/dist-packages/flask/app.py"</cite>,
      line <em class="line">1866</em>,
      in <code class="function">handle_exception</code></h4>
  <div class="source library"><pre class="line before"><span class="ws">            </span># if we want to repropagate the exception, we can attempt to</pre>
<pre class="line before"><span class="ws">            </span># raise it with the whole traceback in case we can do that</pre>
<pre class="line before"><span class="ws">            </span># (the function was actually called from the except part)</pre>
<pre class="line before"><span class="ws">            </span># otherwise, we just raise the error again</pre>
<pre class="line before"><span class="ws">            </span>if exc_value is e:</pre>
<pre class="line current"><span class="ws">                </span>reraise(exc_type, exc_value, tb)</pre>
<pre class="line after"><span class="ws">            </span>else:</pre>
<pre class="line after"><span class="ws">                </span>raise e</pre>
<pre class="line after"><span class="ws"></span> </pre>
<pre class="line after"><span class="ws">        </span>self.log_exception((exc_type, exc_value, tb))</pre>
<pre class="line after"><span class="ws">        </span>server_error = InternalServerError()</pre></div>
</div>

<li><div class="frame" id="frame-139656221285248">
  <h4>File <cite class="filename">"/usr/lib/python3/dist-packages/flask/_compat.py"</cite>,
      line <em class="line">39</em>,
      in <code class="function">reraise</code></h4>
  <div class="source library"><pre class="line before"><span class="ws">    </span>import collections.abc as collections_abc</pre>
<pre class="line before"><span class="ws"></span> </pre>
<pre class="line before"><span class="ws">    </span>def reraise(tp, value, tb=None):</pre>
<pre class="line before"><span class="ws">        </span>if value.__traceback__ is not tb:</pre>
<pre class="line before"><span class="ws">            </span>raise value.with_traceback(tb)</pre>
<pre class="line current"><span class="ws">        </span>raise value</pre>
<pre class="line after"><span class="ws"></span> </pre>
<pre class="line after"><span class="ws">    </span>implements_to_string = _identity</pre>
<pre class="line after"><span class="ws"></span> </pre>
<pre class="line after"><span class="ws"></span>else:</pre>
<pre class="line after"><span class="ws">    </span>iterkeys = lambda d: d.iterkeys()</pre></div>
</div>

<li><div class="frame" id="frame-139656221285392">
  <h4>File <cite class="filename">"/usr/lib/python3/dist-packages/flask/app.py"</cite>,
      line <em class="line">2446</em>,
      in <code class="function">wsgi_app</code></h4>
  <div class="source library"><pre class="line before"><span class="ws">        </span>ctx = self.request_context(environ)</pre>
<pre class="line before"><span class="ws">        </span>error = None</pre>
<pre class="line before"><span class="ws">        </span>try:</pre>
<pre class="line before"><span class="ws">            </span>try:</pre>
<pre class="line before"><span class="ws">                </span>ctx.push()</pre>
<pre class="line current"><span class="ws">                </span>response = self.full_dispatch_request()</pre>
<pre class="line after"><span class="ws">            </span>except Exception as e:</pre>
<pre class="line after"><span class="ws">                </span>error = e</pre>
<pre class="line after"><span class="ws">                </span>response = self.handle_exception(e)</pre>
<pre class="line after"><span class="ws">            </span>except:  # noqa: B001</pre>
<pre class="line after"><span class="ws">                </span>error = sys.exc_info()[1]</pre></div>
</div>

<li><div class="frame" id="frame-139656221285344">
  <h4>File <cite class="filename">"/usr/lib/python3/dist-packages/flask/app.py"</cite>,
      line <em class="line">1951</em>,
      in <code class="function">full_dispatch_request</code></h4>
  <div class="source library"><pre class="line before"><span class="ws">            </span>request_started.send(self)</pre>
<pre class="line before"><span class="ws">            </span>rv = self.preprocess_request()</pre>
<pre class="line before"><span class="ws">            </span>if rv is None:</pre>
<pre class="line before"><span class="ws">                </span>rv = self.dispatch_request()</pre>
<pre class="line before"><span class="ws">        </span>except Exception as e:</pre>
<pre class="line current"><span class="ws">            </span>rv = self.handle_user_exception(e)</pre>
<pre class="line after"><span class="ws">        </span>return self.finalize_request(rv)</pre>
<pre class="line after"><span class="ws"></span> </pre>
<pre class="line after"><span class="ws">    </span>def finalize_request(self, rv, from_error_handler=False):</pre>
<pre class="line after"><span class="ws">        </span>&quot;&quot;&quot;Given the return value from a view function this finalizes</pre>
<pre class="line after"><span class="ws">        </span>the request by converting it into a response and invoking the</pre></div>
</div>

<li><div class="frame" id="frame-139656221285536">
  <h4>File <cite class="filename">"/usr/lib/python3/dist-packages/flask/app.py"</cite>,
      line <em class="line">1820</em>,
      in <code class="function">handle_user_exception</code></h4>
  <div class="source library"><pre class="line before"><span class="ws">            </span>return self.handle_http_exception(e)</pre>
<pre class="line before"><span class="ws"></span> </pre>
<pre class="line before"><span class="ws">        </span>handler = self._find_error_handler(e)</pre>
<pre class="line before"><span class="ws"></span> </pre>
<pre class="line before"><span class="ws">        </span>if handler is None:</pre>
<pre class="line current"><span class="ws">            </span>reraise(exc_type, exc_value, tb)</pre>
<pre class="line after"><span class="ws">        </span>return handler(e)</pre>
<pre class="line after"><span class="ws"></span> </pre>
<pre class="line after"><span class="ws">    </span>def handle_exception(self, e):</pre>
<pre class="line after"><span class="ws">        </span>&quot;&quot;&quot;Handle an exception that did not have an error handler</pre>
<pre class="line after"><span class="ws">        </span>associated with it, or that was raised from an error handler.</pre></div>
</div>

<li><div class="frame" id="frame-139656221285440">
  <h4>File <cite class="filename">"/usr/lib/python3/dist-packages/flask/_compat.py"</cite>,
      line <em class="line">39</em>,
      in <code class="function">reraise</code></h4>
  <div class="source library"><pre class="line before"><span class="ws">    </span>import collections.abc as collections_abc</pre>
<pre class="line before"><span class="ws"></span> </pre>
<pre class="line before"><span class="ws">    </span>def reraise(tp, value, tb=None):</pre>
<pre class="line before"><span class="ws">        </span>if value.__traceback__ is not tb:</pre>
<pre class="line before"><span class="ws">            </span>raise value.with_traceback(tb)</pre>
<pre class="line current"><span class="ws">        </span>raise value</pre>
<pre class="line after"><span class="ws"></span> </pre>
<pre class="line after"><span class="ws">    </span>implements_to_string = _identity</pre>
<pre class="line after"><span class="ws"></span> </pre>
<pre class="line after"><span class="ws"></span>else:</pre>
<pre class="line after"><span class="ws">    </span>iterkeys = lambda d: d.iterkeys()</pre></div>
</div>

<li><div class="frame" id="frame-139656221285584">
  <h4>File <cite class="filename">"/usr/lib/python3/dist-packages/flask/app.py"</cite>,
      line <em class="line">1949</em>,
      in <code class="function">full_dispatch_request</code></h4>
  <div class="source library"><pre class="line before"><span class="ws">        </span>self.try_trigger_before_first_request_functions()</pre>
<pre class="line before"><span class="ws">        </span>try:</pre>
<pre class="line before"><span class="ws">            </span>request_started.send(self)</pre>
<pre class="line before"><span class="ws">            </span>rv = self.preprocess_request()</pre>
<pre class="line before"><span class="ws">            </span>if rv is None:</pre>
<pre class="line current"><span class="ws">                </span>rv = self.dispatch_request()</pre>
<pre class="line after"><span class="ws">        </span>except Exception as e:</pre>
<pre class="line after"><span class="ws">            </span>rv = self.handle_user_exception(e)</pre>
<pre class="line after"><span class="ws">        </span>return self.finalize_request(rv)</pre>
<pre class="line after"><span class="ws"></span> </pre>
<pre class="line after"><span class="ws">    </span>def finalize_request(self, rv, from_error_handler=False):</pre></div>
</div>

<li><div class="frame" id="frame-139656221285728">
  <h4>File <cite class="filename">"/usr/lib/python3/dist-packages/flask/app.py"</cite>,
      line <em class="line">1935</em>,
      in <code class="function">dispatch_request</code></h4>
  <div class="source library"><pre class="line before"><span class="ws">            </span>getattr(rule, &quot;provide_automatic_options&quot;, False)</pre>
<pre class="line before"><span class="ws">            </span>and req.method == &quot;OPTIONS&quot;</pre>
<pre class="line before"><span class="ws">        </span>):</pre>
<pre class="line before"><span class="ws">            </span>return self.make_default_options_response()</pre>
<pre class="line before"><span class="ws">        </span># otherwise dispatch to the handler for that endpoint</pre>
<pre class="line current"><span class="ws">        </span>return self.view_functions[rule.endpoint](**req.view_args)</pre>
<pre class="line after"><span class="ws"></span> </pre>
<pre class="line after"><span class="ws">    </span>def full_dispatch_request(self):</pre>
<pre class="line after"><span class="ws">        </span>&quot;&quot;&quot;Dispatches the request and on top of that performs request</pre>
<pre class="line after"><span class="ws">        </span>pre and postprocessing as well as HTTP exception catching and</pre>
<pre class="line after"><span class="ws">        </span>error handling.</pre></div>
</div>

<li><div class="frame" id="frame-139656221285824">
  <h4>File <cite class="filename">"/home/nash/GitHub/Flask-Emotion-Classification/app.py"</cite>,
      line <em class="line">92</em>,
      in <code class="function">uplaod</code></h4>
  <div class="source "><pre class="line before"><span class="ws">        </span>basepath = os.path.dirname(__file__)</pre>
<pre class="line before"><span class="ws">        </span>file_path = os.path.join(</pre>
<pre class="line before"><span class="ws">            </span>basepath, 'uploads', secure_filename(f.filename))</pre>
<pre class="line before"><span class="ws">        </span>f.save(file_path)</pre>
<pre class="line before"><span class="ws">        </span># Make prediction</pre>
<pre class="line current"><span class="ws">        </span>result = model_predict(file_path)</pre>
<pre class="line after"><span class="ws"></span> </pre>
<pre class="line after"><span class="ws"></span> </pre>
<pre class="line after"><span class="ws">        </span>return jsonify(result)</pre>
<pre class="line after"><span class="ws">    </span>return None</pre>
<pre class="line after"><span class="ws"></span> </pre></div>
</div>

<li><div class="frame" id="frame-139656221285632">
  <h4>File <cite class="filename">"/home/nash/GitHub/Flask-Emotion-Classification/app.py"</cite>,
      line <em class="line">41</em>,
      in <code class="function">model_predict</code></h4>
  <div class="source "><pre class="line before"><span class="ws">    </span>open_cv_image = np.array(image1)</pre>
<pre class="line before"><span class="ws">    </span>try:</pre>
<pre class="line before"><span class="ws">        </span>img_gray = cv2.cvtColor(open_cv_image, cv2.COLOR_BGR2GRAY)</pre>
<pre class="line before"><span class="ws">    </span>except:</pre>
<pre class="line before"><span class="ws">        </span>img_gray = open_cv_image</pre>
<pre class="line current"><span class="ws">    </span>faces = extractor(img_gray)</pre>
<pre class="line after"><span class="ws">    </span>if faces == &quot;69&quot;:</pre>
<pre class="line after"><span class="ws">        </span>string = &quot;Enter Proper Picture&quot;</pre>
<pre class="line after"><span class="ws">    </span>else:</pre>
<pre class="line after"><span class="ws">        </span>pred = predictions(faces)</pre>
<pre class="line after"><span class="ws">        </span>string = Markup(&quot;The people are {} % {}, {} % {} and {} % {}&quot;.format(round(pred[0]*100,2), emotions[0], round(pred[1]*100,2), emotions[1], round(pred[2]*100,2), emotions[2]))</pre></div>
</div>

<li><div class="frame" id="frame-139656221285680">
  <h4>File <cite class="filename">"/home/nash/GitHub/Flask-Emotion-Classification/haarcascade.py"</cite>,
      line <em class="line">10</em>,
      in <code class="function">extractor</code></h4>
  <div class="source "><pre class="line before"><span class="ws"></span>import os</pre>
<pre class="line before"><span class="ws"></span>import sys</pre>
<pre class="line before"><span class="ws"></span>IMAGE_SIZE = 128</pre>
<pre class="line before"><span class="ws"></span>def extractor(image):</pre>
<pre class="line before"><span class="ws">    </span>faceDetector = cv2.CascadeClassifier('models/haarcascade_frontalface_default.xml')</pre>
<pre class="line current"><span class="ws">    </span>faces = faceDetector.detectMultiScale(image,1.3,5)</pre>
<pre class="line after"><span class="ws">    </span>count = 0</pre>
<pre class="line after"><span class="ws">    </span>if faces is not ():</pre>
<pre class="line after"><span class="ws">        </span>count = 1</pre>
<pre class="line after"><span class="ws">        </span>faces_list = []</pre>
<pre class="line after"><span class="ws">        </span>for (x,y,w,h) in faces:</pre></div>
</div>
</ul>
  <blockquote>cv2.error: OpenCV(4.4.0) /tmp/pip-req-build-vu_aq9yd/opencv/modules/objdetect/src/cascadedetect.cpp:1689: error: (-215:Assertion failed) !empty() in function 'detectMultiScale'</blockquote>
</div>

<div class="plain">
  <form action="/?__debugger__=yes&amp;cmd=paste" method="post">
    <p>
      <input type="hidden" name="language" value="pytb">
      This is the Copy/Paste friendly version of the traceback.  <span
      class="pastemessage">You can also paste this traceback into
      a <a href="https://gist.github.com/">gist</a>:
      <input type="submit" value="create paste"></span>
    </p>
    <textarea cols="50" rows="10" name="code" readonly>Traceback (most recent call last):
  File &quot;/usr/lib/python3/dist-packages/flask/app.py&quot;, line 2463, in __call__
    return self.wsgi_app(environ, start_response)
  File &quot;/usr/lib/python3/dist-packages/flask/app.py&quot;, line 2449, in wsgi_app
    response = self.handle_exception(e)
  File &quot;/usr/lib/python3/dist-packages/flask/app.py&quot;, line 1866, in handle_exception
    reraise(exc_type, exc_value, tb)
  File &quot;/usr/lib/python3/dist-packages/flask/_compat.py&quot;, line 39, in reraise
    raise value
  File &quot;/usr/lib/python3/dist-packages/flask/app.py&quot;, line 2446, in wsgi_app
    response = self.full_dispatch_request()
  File &quot;/usr/lib/python3/dist-packages/flask/app.py&quot;, line 1951, in full_dispatch_request
    rv = self.handle_user_exception(e)
  File &quot;/usr/lib/python3/dist-packages/flask/app.py&quot;, line 1820, in handle_user_exception
    reraise(exc_type, exc_value, tb)
  File &quot;/usr/lib/python3/dist-packages/flask/_compat.py&quot;, line 39, in reraise
    raise value
  File &quot;/usr/lib/python3/dist-packages/flask/app.py&quot;, line 1949, in full_dispatch_request
    rv = self.dispatch_request()
  File &quot;/usr/lib/python3/dist-packages/flask/app.py&quot;, line 1935, in dispatch_request
    return self.view_functions[rule.endpoint](**req.view_args)
  File &quot;/home/nash/GitHub/Flask-Emotion-Classification/app.py&quot;, line 92, in uplaod
    result = model_predict(file_path)
  File &quot;/home/nash/GitHub/Flask-Emotion-Classification/app.py&quot;, line 41, in model_predict
    faces = extractor(img_gray)
  File &quot;/home/nash/GitHub/Flask-Emotion-Classification/haarcascade.py&quot;, line 10, in extractor
    faces = faceDetector.detectMultiScale(image,1.3,5)
cv2.error: OpenCV(4.4.0) /tmp/pip-req-build-vu_aq9yd/opencv/modules/objdetect/src/cascadedetect.cpp:1689: error: (-215:Assertion failed) !empty() in function 'detectMultiScale'</textarea>
  </form>
</div>
<div class="explanation">
  The debugger caught an exception in your WSGI application.  You can now
  look at the traceback which led to the error.  <span class="nojavascript">
  If you enable JavaScript you can also use additional features such as code
  execution (if the evalex feature is enabled), automatic pasting of the
  exceptions and much more.</span>
</div>
      <div class="footer">
        Brought to you by <strong class="arthur">DON'T PANIC</strong>, your
        friendly Werkzeug powered traceback interpreter.
      </div>
    </div>

    <div class="pin-prompt">
      <div class="inner">
        <h3>Console Locked</h3>
        <p>
          The console is locked and needs to be unlocked by entering the PIN.
          You can find the PIN printed out on the standard output of your
          shell that runs the server.
        <form>
          <p>PIN:
            <input type=text name=pin size=14>
            <input type=submit name=btn value="Confirm Pin">
        </form>
      </div>
    </div>
  </body>
</html>

<!--

Traceback (most recent call last):
  File "/usr/lib/python3/dist-packages/flask/app.py", line 2463, in __call__
    return self.wsgi_app(environ, start_response)
  File "/usr/lib/python3/dist-packages/flask/app.py", line 2449, in wsgi_app
    response = self.handle_exception(e)
  File "/usr/lib/python3/dist-packages/flask/app.py", line 1866, in handle_exception
    reraise(exc_type, exc_value, tb)
  File "/usr/lib/python3/dist-packages/flask/_compat.py", line 39, in reraise
    raise value
  File "/usr/lib/python3/dist-packages/flask/app.py", line 2446, in wsgi_app
    response = self.full_dispatch_request()
  File "/usr/lib/python3/dist-packages/flask/app.py", line 1951, in full_dispatch_request
    rv = self.handle_user_exception(e)
  File "/usr/lib/python3/dist-packages/flask/app.py", line 1820, in handle_user_exception
    reraise(exc_type, exc_value, tb)
  File "/usr/lib/python3/dist-packages/flask/_compat.py", line 39, in reraise
    raise value
  File "/usr/lib/python3/dist-packages/flask/app.py", line 1949, in full_dispatch_request
    rv = self.dispatch_request()
  File "/usr/lib/python3/dist-packages/flask/app.py", line 1935, in dispatch_request
    return self.view_functions[rule.endpoint](**req.view_args)
  File "/home/nash/GitHub/Flask-Emotion-Classification/app.py", line 92, in uplaod
    result = model_predict(file_path)
  File "/home/nash/GitHub/Flask-Emotion-Classification/app.py", line 41, in model_predict
    faces = extractor(img_gray)
  File "/home/nash/GitHub/Flask-Emotion-Classification/haarcascade.py", line 10, in extractor
    faces = faceDetector.detectMultiScale(image,1.3,5)
cv2.error: OpenCV(4.4.0) /tmp/pip-req-build-vu_aq9yd/opencv/modules/objdetect/src/cascadedetect.cpp:1689: error: (-215:Assertion failed) !empty() in function 'detectMultiScale'

-->

2,<!DOCTYPE HTML PUBLIC "-//W3C//DTD HTML 4.01 Transitional//EN"
  "http://www.w3.org/TR/html4/loose.dtd">
<html>
  <head>
    <title>cv2.error: OpenCV(4.4.0) /tmp/pip-req-build-vu_aq9yd/opencv/modules/objdetect/src/cascadedetect.cpp:1689: error: (-215:Assertion failed) !empty() in function 'detectMultiScale' // Werkzeug Debugger</title>
    <link rel="stylesheet" href="?__debugger__=yes&amp;cmd=resource&amp;f=style.css"
        type="text/css">
    <!-- We need to make sure this has a favicon so that the debugger does
         not by accident trigger a request to /favicon.ico which might
         change the application state. -->
    <link rel="shortcut icon"
        href="?__debugger__=yes&amp;cmd=resource&amp;f=console.png">
    <script src="?__debugger__=yes&amp;cmd=resource&amp;f=jquery.js"></script>
    <script src="?__debugger__=yes&amp;cmd=resource&amp;f=debugger.js"></script>
    <script type="text/javascript">
      var TRACEBACK = 140629591326480,
          CONSOLE_MODE = false,
          EVALEX = true,
          EVALEX_TRUSTED = false,
          SECRET = "scRGU6m7KBrCmsLAigGL";
    </script>
  </head>
  <body style="background-color: #fff">
    <div class="debugger">
<h1>cv2.error</h1>
<div class="detail">
  <p class="errormsg">cv2.error: OpenCV(4.4.0) /tmp/pip-req-build-vu_aq9yd/opencv/modules/objdetect/src/cascadedetect.cpp:1689: error: (-215:Assertion failed) !empty() in function 'detectMultiScale'</p>
</div>
<h2 class="traceback">Traceback <em>(most recent call last)</em></h2>
<div class="traceback">
  
  <ul><li><div class="frame" id="frame-140629590747648">
  <h4>File <cite class="filename">"/usr/lib/python3/dist-packages/flask/app.py"</cite>,
      line <em class="line">2463</em>,
      in <code class="function">__call__</code></h4>
  <div class="source library"><pre class="line before"><span class="ws"></span> </pre>
<pre class="line before"><span class="ws">    </span>def __call__(self, environ, start_response):</pre>
<pre class="line before"><span class="ws">        </span>&quot;&quot;&quot;The WSGI server calls the Flask application object as the</pre>
<pre class="line before"><span class="ws">        </span>WSGI application. This calls :meth:`wsgi_app` which can be</pre>
<pre class="line before"><span class="ws">        </span>wrapped to applying middleware.&quot;&quot;&quot;</pre>
<pre class="line current"><span class="ws">        </span>return self.wsgi_app(environ, start_response)</pre>
<pre class="line after"><span class="ws"></span> </pre>
<pre class="line after"><span class="ws">    </span>def __repr__(self):</pre>
<pre class="line after"><span class="ws">        </span>return &quot;&lt;%s %r&gt;&quot; % (self.__class__.__name__, self.name)</pre></div>
</div>

<li><div class="frame" id="frame-140629590747696">
  <h4>File <cite class="filename">"/usr/lib/python3/dist-packages/flask/app.py"</cite>,
      line <em class="line">2449</em>,
      in <code class="function">wsgi_app</code></h4>
  <div class="source library"><pre class="line before"><span class="ws">            </span>try:</pre>
<pre class="line before"><span class="ws">                </span>ctx.push()</pre>
<pre class="line before"><span class="ws">                </span>response = self.full_dispatch_request()</pre>
<pre class="line before"><span class="ws">            </span>except Exception as e:</pre>
<pre class="line before"><span class="ws">                </span>error = e</pre>
<pre class="line current"><span class="ws">                </span>response = self.handle_exception(e)</pre>
<pre class="line after"><span class="ws">            </span>except:  # noqa: B001</pre>
<pre class="line after"><span class="ws">                </span>error = sys.exc_info()[1]</pre>
<pre class="line after"><span class="ws">                </span>raise</pre>
<pre class="line after"><span class="ws">            </span>return response(environ, start_response)</pre>
<pre class="line after"><span class="ws">        </span>finally:</pre></div>
</div>

<li><div class="frame" id="frame-140629590748032">
  <h4>File <cite class="filename">"/usr/lib/python3/dist-packages/flask/app.py"</cite>,
      line <em class="line">1866</em>,
      in <code class="function">handle_exception</code></h4>
  <div class="source library"><pre class="line before"><span class="ws">            </span># if we want to repropagate the exception, we can attempt to</pre>
<pre class="line before"><span class="ws">            </span># raise it with the whole traceback in case we can do that</pre>
<pre class="line before"><span class="ws">            </span># (the function was actually called from the except part)</pre>
<pre class="line before"><span class="ws">            </span># otherwise, we just raise the error again</pre>
<pre class="line before"><span class="ws">            </span>if exc_value is e:</pre>
<pre class="line current"><span class="ws">                </span>reraise(exc_type, exc_value, tb)</pre>
<pre class="line after"><span class="ws">            </span>else:</pre>
<pre class="line after"><span class="ws">                </span>raise e</pre>
<pre class="line after"><span class="ws"></span> </pre>
<pre class="line after"><span class="ws">        </span>self.log_exception((exc_type, exc_value, tb))</pre>
<pre class="line after"><span class="ws">        </span>server_error = InternalServerError()</pre></div>
</div>

<li><div class="frame" id="frame-140629590747888">
  <h4>File <cite class="filename">"/usr/lib/python3/dist-packages/flask/_compat.py"</cite>,
      line <em class="line">39</em>,
      in <code class="function">reraise</code></h4>
  <div class="source library"><pre class="line before"><span class="ws">    </span>import collections.abc as collections_abc</pre>
<pre class="line before"><span class="ws"></span> </pre>
<pre class="line before"><span class="ws">    </span>def reraise(tp, value, tb=None):</pre>
<pre class="line before"><span class="ws">        </span>if value.__traceback__ is not tb:</pre>
<pre class="line before"><span class="ws">            </span>raise value.with_traceback(tb)</pre>
<pre class="line current"><span class="ws">        </span>raise value</pre>
<pre class="line after"><span class="ws"></span> </pre>
<pre class="line after"><span class="ws">    </span>implements_to_string = _identity</pre>
<pre class="line after"><span class="ws"></span> </pre>
<pre class="line after"><span class="ws"></span>else:</pre>
<pre class="line after"><span class="ws">    </span>iterkeys = lambda d: d.iterkeys()</pre></div>
</div>

<li><div class="frame" id="frame-140629590747984">
  <h4>File <cite class="filename">"/usr/lib/python3/dist-packages/flask/app.py"</cite>,
      line <em class="line">2446</em>,
      in <code class="function">wsgi_app</code></h4>
  <div class="source library"><pre class="line before"><span class="ws">        </span>ctx = self.request_context(environ)</pre>
<pre class="line before"><span class="ws">        </span>error = None</pre>
<pre class="line before"><span class="ws">        </span>try:</pre>
<pre class="line before"><span class="ws">            </span>try:</pre>
<pre class="line before"><span class="ws">                </span>ctx.push()</pre>
<pre class="line current"><span class="ws">                </span>response = self.full_dispatch_request()</pre>
<pre class="line after"><span class="ws">            </span>except Exception as e:</pre>
<pre class="line after"><span class="ws">                </span>error = e</pre>
<pre class="line after"><span class="ws">                </span>response = self.handle_exception(e)</pre>
<pre class="line after"><span class="ws">            </span>except:  # noqa: B001</pre>
<pre class="line after"><span class="ws">                </span>error = sys.exc_info()[1]</pre></div>
</div>

<li><div class="frame" id="frame-140629590748080">
  <h4>File <cite class="filename">"/usr/lib/python3/dist-packages/flask/app.py"</cite>,
      line <em class="line">1951</em>,
      in <code class="function">full_dispatch_request</code></h4>
  <div class="source library"><pre class="line before"><span class="ws">            </span>request_started.send(self)</pre>
<pre class="line before"><span class="ws">            </span>rv = self.preprocess_request()</pre>
<pre class="line before"><span class="ws">            </span>if rv is None:</pre>
<pre class="line before"><span class="ws">                </span>rv = self.dispatch_request()</pre>
<pre class="line before"><span class="ws">        </span>except Exception as e:</pre>
<pre class="line current"><span class="ws">            </span>rv = self.handle_user_exception(e)</pre>
<pre class="line after"><span class="ws">        </span>return self.finalize_request(rv)</pre>
<pre class="line after"><span class="ws"></span> </pre>
<pre class="line after"><span class="ws">    </span>def finalize_request(self, rv, from_error_handler=False):</pre>
<pre class="line after"><span class="ws">        </span>&quot;&quot;&quot;Given the return value from a view function this finalizes</pre>
<pre class="line after"><span class="ws">        </span>the request by converting it into a response and invoking the</pre></div>
</div>

<li><div class="frame" id="frame-140629590748128">
  <h4>File <cite class="filename">"/usr/lib/python3/dist-packages/flask/app.py"</cite>,
      line <em class="line">1820</em>,
      in <code class="function">handle_user_exception</code></h4>
  <div class="source library"><pre class="line before"><span class="ws">            </span>return self.handle_http_exception(e)</pre>
<pre class="line before"><span class="ws"></span> </pre>
<pre class="line before"><span class="ws">        </span>handler = self._find_error_handler(e)</pre>
<pre class="line before"><span class="ws"></span> </pre>
<pre class="line before"><span class="ws">        </span>if handler is None:</pre>
<pre class="line current"><span class="ws">            </span>reraise(exc_type, exc_value, tb)</pre>
<pre class="line after"><span class="ws">        </span>return handler(e)</pre>
<pre class="line after"><span class="ws"></span> </pre>
<pre class="line after"><span class="ws">    </span>def handle_exception(self, e):</pre>
<pre class="line after"><span class="ws">        </span>&quot;&quot;&quot;Handle an exception that did not have an error handler</pre>
<pre class="line after"><span class="ws">        </span>associated with it, or that was raised from an error handler.</pre></div>
</div>

<li><div class="frame" id="frame-140629590748176">
  <h4>File <cite class="filename">"/usr/lib/python3/dist-packages/flask/_compat.py"</cite>,
      line <em class="line">39</em>,
      in <code class="function">reraise</code></h4>
  <div class="source library"><pre class="line before"><span class="ws">    </span>import collections.abc as collections_abc</pre>
<pre class="line before"><span class="ws"></span> </pre>
<pre class="line before"><span class="ws">    </span>def reraise(tp, value, tb=None):</pre>
<pre class="line before"><span class="ws">        </span>if value.__traceback__ is not tb:</pre>
<pre class="line before"><span class="ws">            </span>raise value.with_traceback(tb)</pre>
<pre class="line current"><span class="ws">        </span>raise value</pre>
<pre class="line after"><span class="ws"></span> </pre>
<pre class="line after"><span class="ws">    </span>implements_to_string = _identity</pre>
<pre class="line after"><span class="ws"></span> </pre>
<pre class="line after"><span class="ws"></span>else:</pre>
<pre class="line after"><span class="ws">    </span>iterkeys = lambda d: d.iterkeys()</pre></div>
</div>

<li><div class="frame" id="frame-140629590748224">
  <h4>File <cite class="filename">"/usr/lib/python3/dist-packages/flask/app.py"</cite>,
      line <em class="line">1949</em>,
      in <code class="function">full_dispatch_request</code></h4>
  <div class="source library"><pre class="line before"><span class="ws">        </span>self.try_trigger_before_first_request_functions()</pre>
<pre class="line before"><span class="ws">        </span>try:</pre>
<pre class="line before"><span class="ws">            </span>request_started.send(self)</pre>
<pre class="line before"><span class="ws">            </span>rv = self.preprocess_request()</pre>
<pre class="line before"><span class="ws">            </span>if rv is None:</pre>
<pre class="line current"><span class="ws">                </span>rv = self.dispatch_request()</pre>
<pre class="line after"><span class="ws">        </span>except Exception as e:</pre>
<pre class="line after"><span class="ws">            </span>rv = self.handle_user_exception(e)</pre>
<pre class="line after"><span class="ws">        </span>return self.finalize_request(rv)</pre>
<pre class="line after"><span class="ws"></span> </pre>
<pre class="line after"><span class="ws">    </span>def finalize_request(self, rv, from_error_handler=False):</pre></div>
</div>

<li><div class="frame" id="frame-140629590748272">
  <h4>File <cite class="filename">"/usr/lib/python3/dist-packages/flask/app.py"</cite>,
      line <em class="line">1935</em>,
      in <code class="function">dispatch_request</code></h4>
  <div class="source library"><pre class="line before"><span class="ws">            </span>getattr(rule, &quot;provide_automatic_options&quot;, False)</pre>
<pre class="line before"><span class="ws">            </span>and req.method == &quot;OPTIONS&quot;</pre>
<pre class="line before"><span class="ws">        </span>):</pre>
<pre class="line before"><span class="ws">            </span>return self.make_default_options_response()</pre>
<pre class="line before"><span class="ws">        </span># otherwise dispatch to the handler for that endpoint</pre>
<pre class="line current"><span class="ws">        </span>return self.view_functions[rule.endpoint](**req.view_args)</pre>
<pre class="line after"><span class="ws"></span> </pre>
<pre class="line after"><span class="ws">    </span>def full_dispatch_request(self):</pre>
<pre class="line after"><span class="ws">        </span>&quot;&quot;&quot;Dispatches the request and on top of that performs request</pre>
<pre class="line after"><span class="ws">        </span>pre and postprocessing as well as HTTP exception catching and</pre>
<pre class="line after"><span class="ws">        </span>error handling.</pre></div>
</div>

<li><div class="frame" id="frame-140629590748320">
  <h4>File <cite class="filename">"/home/nash/GitHub/Flask-Emotion-Classification/app.py"</cite>,
      line <em class="line">92</em>,
      in <code class="function">uplaod</code></h4>
  <div class="source "><pre class="line before"><span class="ws">        </span>basepath = os.path.dirname(__file__)</pre>
<pre class="line before"><span class="ws">        </span>file_path = os.path.join(</pre>
<pre class="line before"><span class="ws">            </span>basepath, 'uploads', secure_filename(f.filename))</pre>
<pre class="line before"><span class="ws">        </span>f.save(file_path)</pre>
<pre class="line before"><span class="ws">        </span># Make prediction</pre>
<pre class="line current"><span class="ws">        </span>result = model_predict(file_path)</pre>
<pre class="line after"><span class="ws"></span> </pre>
<pre class="line after"><span class="ws"></span> </pre>
<pre class="line after"><span class="ws">        </span>return jsonify(result)</pre>
<pre class="line after"><span class="ws">    </span>return None</pre>
<pre class="line after"><span class="ws"></span> </pre></div>
</div>

<li><div class="frame" id="frame-140629590747792">
  <h4>File <cite class="filename">"/home/nash/GitHub/Flask-Emotion-Classification/app.py"</cite>,
      line <em class="line">41</em>,
      in <code class="function">model_predict</code></h4>
  <div class="source "><pre class="line before"><span class="ws">    </span>open_cv_image = np.array(image1)</pre>
<pre class="line before"><span class="ws">    </span>try:</pre>
<pre class="line before"><span class="ws">        </span>img_gray = cv2.cvtColor(open_cv_image, cv2.COLOR_BGR2GRAY)</pre>
<pre class="line before"><span class="ws">    </span>except:</pre>
<pre class="line before"><span class="ws">        </span>img_gray = open_cv_image</pre>
<pre class="line current"><span class="ws">    </span>faces = extractor(img_gray)</pre>
<pre class="line after"><span class="ws">    </span>if faces == &quot;69&quot;:</pre>
<pre class="line after"><span class="ws">        </span>string = &quot;Enter Proper Picture&quot;</pre>
<pre class="line after"><span class="ws">    </span>else:</pre>
<pre class="line after"><span class="ws">        </span>pred = predictions(faces)</pre>
<pre class="line after"><span class="ws">        </span>string = Markup(&quot;The people are {} % {}, {} % {} and {} % {}&quot;.format(round(pred[0]*100,2), emotions[0], round(pred[1]*100,2), emotions[1], round(pred[2]*100,2), emotions[2]))</pre></div>
</div>

<li><div class="frame" id="frame-140629590748512">
  <h4>File <cite class="filename">"/home/nash/GitHub/Flask-Emotion-Classification/haarcascade.py"</cite>,
      line <em class="line">10</em>,
      in <code class="function">extractor</code></h4>
  <div class="source "><pre class="line before"><span class="ws"></span>import os</pre>
<pre class="line before"><span class="ws"></span>import sys</pre>
<pre class="line before"><span class="ws"></span>IMAGE_SIZE = 128</pre>
<pre class="line before"><span class="ws"></span>def extractor(image):</pre>
<pre class="line before"><span class="ws">    </span>faceDetector = cv2.CascadeClassifier('models/haarcascade_frontalface_default.xml')</pre>
<pre class="line current"><span class="ws">    </span>faces = faceDetector.detectMultiScale(image,1.3,5)</pre>
<pre class="line after"><span class="ws">    </span>count = 0</pre>
<pre class="line after"><span class="ws">    </span>if faces is not ():</pre>
<pre class="line after"><span class="ws">        </span>count = 1</pre>
<pre class="line after"><span class="ws">        </span>faces_list = []</pre>
<pre class="line after"><span class="ws">        </span>for (x,y,w,h) in faces:</pre></div>
</div>
</ul>
  <blockquote>cv2.error: OpenCV(4.4.0) /tmp/pip-req-build-vu_aq9yd/opencv/modules/objdetect/src/cascadedetect.cpp:1689: error: (-215:Assertion failed) !empty() in function 'detectMultiScale'</blockquote>
</div>

<div class="plain">
  <form action="/?__debugger__=yes&amp;cmd=paste" method="post">
    <p>
      <input type="hidden" name="language" value="pytb">
      This is the Copy/Paste friendly version of the traceback.  <span
      class="pastemessage">You can also paste this traceback into
      a <a href="https://gist.github.com/">gist</a>:
      <input type="submit" value="create paste"></span>
    </p>
    <textarea cols="50" rows="10" name="code" readonly>Traceback (most recent call last):
  File &quot;/usr/lib/python3/dist-packages/flask/app.py&quot;, line 2463, in __call__
    return self.wsgi_app(environ, start_response)
  File &quot;/usr/lib/python3/dist-packages/flask/app.py&quot;, line 2449, in wsgi_app
    response = self.handle_exception(e)
  File &quot;/usr/lib/python3/dist-packages/flask/app.py&quot;, line 1866, in handle_exception
    reraise(exc_type, exc_value, tb)
  File &quot;/usr/lib/python3/dist-packages/flask/_compat.py&quot;, line 39, in reraise
    raise value
  File &quot;/usr/lib/python3/dist-packages/flask/app.py&quot;, line 2446, in wsgi_app
    response = self.full_dispatch_request()
  File &quot;/usr/lib/python3/dist-packages/flask/app.py&quot;, line 1951, in full_dispatch_request
    rv = self.handle_user_exception(e)
  File &quot;/usr/lib/python3/dist-packages/flask/app.py&quot;, line 1820, in handle_user_exception
    reraise(exc_type, exc_value, tb)
  File &quot;/usr/lib/python3/dist-packages/flask/_compat.py&quot;, line 39, in reraise
    raise value
  File &quot;/usr/lib/python3/dist-packages/flask/app.py&quot;, line 1949, in full_dispatch_request
    rv = self.dispatch_request()
  File &quot;/usr/lib/python3/dist-packages/flask/app.py&quot;, line 1935, in dispatch_request
    return self.view_functions[rule.endpoint](**req.view_args)
  File &quot;/home/nash/GitHub/Flask-Emotion-Classification/app.py&quot;, line 92, in uplaod
    result = model_predict(file_path)
  File &quot;/home/nash/GitHub/Flask-Emotion-Classification/app.py&quot;, line 41, in model_predict
    faces = extractor(img_gray)
  File &quot;/home/nash/GitHub/Flask-Emotion-Classification/haarcascade.py&quot;, line 10, in extractor
    faces = faceDetector.detectMultiScale(image,1.3,5)
cv2.error: OpenCV(4.4.0) /tmp/pip-req-build-vu_aq9yd/opencv/modules/objdetect/src/cascadedetect.cpp:1689: error: (-215:Assertion failed) !empty() in function 'detectMultiScale'</textarea>
  </form>
</div>
<div class="explanation">
  The debugger caught an exception in your WSGI application.  You can now
  look at the traceback which led to the error.  <span class="nojavascript">
  If you enable JavaScript you can also use additional features such as code
  execution (if the evalex feature is enabled), automatic pasting of the
  exceptions and much more.</span>
</div>
      <div class="footer">
        Brought to you by <strong class="arthur">DON'T PANIC</strong>, your
        friendly Werkzeug powered traceback interpreter.
      </div>
    </div>

    <div class="pin-prompt">
      <div class="inner">
        <h3>Console Locked</h3>
        <p>
          The console is locked and needs to be unlocked by entering the PIN.
          You can find the PIN printed out on the standard output of your
          shell that runs the server.
        <form>
          <p>PIN:
            <input type=text name=pin size=14>
            <input type=submit name=btn value="Confirm Pin">
        </form>
      </div>
    </div>
  </body>
</html>

<!--

Traceback (most recent call last):
  File "/usr/lib/python3/dist-packages/flask/app.py", line 2463, in __call__
    return self.wsgi_app(environ, start_response)
  File "/usr/lib/python3/dist-packages/flask/app.py", line 2449, in wsgi_app
    response = self.handle_exception(e)
  File "/usr/lib/python3/dist-packages/flask/app.py", line 1866, in handle_exception
    reraise(exc_type, exc_value, tb)
  File "/usr/lib/python3/dist-packages/flask/_compat.py", line 39, in reraise
    raise value
  File "/usr/lib/python3/dist-packages/flask/app.py", line 2446, in wsgi_app
    response = self.full_dispatch_request()
  File "/usr/lib/python3/dist-packages/flask/app.py", line 1951, in full_dispatch_request
    rv = self.handle_user_exception(e)
  File "/usr/lib/python3/dist-packages/flask/app.py", line 1820, in handle_user_exception
    reraise(exc_type, exc_value, tb)
  File "/usr/lib/python3/dist-packages/flask/_compat.py", line 39, in reraise
    raise value
  File "/usr/lib/python3/dist-packages/flask/app.py", line 1949, in full_dispatch_request
    rv = self.dispatch_request()
  File "/usr/lib/python3/dist-packages/flask/app.py", line 1935, in dispatch_request
    return self.view_functions[rule.endpoint](**req.view_args)
  File "/home/nash/GitHub/Flask-Emotion-Classification/app.py", line 92, in uplaod
    result = model_predict(file_path)
  File "/home/nash/GitHub/Flask-Emotion-Classification/app.py", line 41, in model_predict
    faces = extractor(img_gray)
  File "/home/nash/GitHub/Flask-Emotion-Classification/haarcascade.py", line 10, in extractor
    faces = faceDetector.detectMultiScale(image,1.3,5)
cv2.error: OpenCV(4.4.0) /tmp/pip-req-build-vu_aq9yd/opencv/modules/objdetect/src/cascadedetect.cpp:1689: error: (-215:Assertion failed) !empty() in function 'detectMultiScale'

-->

1,"The people are 28.25 % disappointed, 13.86 % interested and 57.89 % neutral"

1,"The people are 28.25 % disappointed, 13.86 % interested and 57.89 % neutral"

2,"The people are 28.25 % disappointed, 13.86 % interested and 57.89 % neutral"

